prompt,elapsed_time,model,samples,workers,accuracy,spread_pos,spread_neu,spread_neg,pred_pos,pred_neu,pred_neg
"[
  {
    ""role"": ""system"",
    ""content"": ""You are an expert investor.\n\n    Task: Given a company news headline:\n    Step 1: Internally translate the headline into a weather forecast.\n       \u2022 Sunny = positive\n       \u2022 Cloudy = neutral\n       \u2022 Stormy = negative\n    Step 2: Map the weather outcome back into investment sentiment.\n    Step 3: Output ONLY valid JSON:\n    {\n        \""sentiment\"": \""positive\"" | \""neutral\"" | \""negative\""\n    }\n\n    Rules:\n    - The weather metaphor is part of your internal reasoning. Do not show it in the output.\n    - The final response must ONLY be the JSON object.\n    - Do not add explanations.\n    - Do not add extra fields.\n    - Sentiment must be exactly one of: positive, neutral, negative.\n    ""
  },
  {
    ""role"": ""user"",
    ""content"": ""Headline: Harley-Davidson withdraws 2025 outlook due to tariff situation""
  },
  {
    ""role"": ""assistant"",
    ""content"": ""{\n        \""sentiment\"": \""negative\""\n    }""
  }
]",26375.27,llama3:8b,200,1,0.805,66,105,29,73,99,28
